homepage,recent_post,url
https://climateaudit.org,https://climateaudit.org/2017/09/02/email-dates-in-the-wikileaks-dnc-archive/,https://climateaudit.org/2017/07/29/arctic-lake-sediments-reply-to-jeg/
https://wattsupwiththat.com/,"https://wattsupwiththat.com/2017/09/04/attributing-hurricane-harvey-to-climate-change-is-murky-science/
",https://wattsupwiththat.com/2017/09/04/correlation-of-accumulated-cyclone-energy-and-atlantic-multidecadal-oscillations/
http://joannenova.com.au/,http://joannenova.com.au/2017/09/irma-path-now-squarely-a-cat-4-through-florida/,http://joannenova.com.au/2017/09/bom-review-finds-skeptics-were-right-but-say-trust-us-it-doesnt-matter/
https://nofrakkingconsensus.com/,https://nofrakkingconsensus.com/2017/04/10/obesity-diet-pills-death/,https://nofrakkingconsensus.com/2017/03/29/suddenly-sick-the-foibles-of-medical-science/
http://junkscience.com/,https://junkscience.com/2017/09/action-alert-recommendations-for-epas-clean-air-scientific-advisory-committee/,https://junkscience.com/2017/09/junkscience-requests-federal-research-misconduct-investigation-for-air-pollution-study/
https://judithcurry.com/,https://judithcurry.com/2017/09/08/hurricane-irma-eyes-florida/,https://judithcurry.com/2017/09/02/week-in-review-science-edition-70/
http://www.c3headlines.com/,http://www.c3headlines.com/2017/07/over-6000-political-other-headline-links-from-1st-6-months-of-2017.html,http://www.c3headlines.com/2017/07/over-3000-climate-energy-headline-links-from-first-6-months-of-2017.html?no_prefetch=1
http://algorelied.com/,http://algorelied.com/?p=4302,http://algorelied.com/?p=4294
https://hypsithermal.wordpress.com/,https://hypsithermal.wordpress.com/2013/04/20/man-made-global-warming-is-dead-surprise-surprise/,https://hypsithermal.wordpress.com/2012/10/08/replacing-obama-new-fox-news-rock-star/
https://hauntingthelibrary.wordpress.com/,https://hauntingthelibrary.wordpress.com/2013/05/03/return-of-the-arctic-death-spiral-again/,https://hauntingthelibrary.wordpress.com/2013/05/02/more-classic-guardian-spin-koalas-threatened-by-global-warming-development/
https://co2insanity.com/,https://co2insanity.com/2013/08/13/noaa-closes-600-hot-weather-stations/,https://co2insanity.com/2013/03/23/record-global-warming-in-uk/
http://www.climate-skeptic.com/,http://www.climate-skeptic.com/2016/03/my-climate-plan-wherein-a-climate-skeptic-actually-advocates-for-a-carbon-tax.html,http://www.climate-skeptic.com/2016/02/come-see-my-climate-talk-on-wednesday-evening-february-24-at-claremont-mckenna-college.html
https://anhonestclimatedebate.wordpress.com/,https://anhonestclimatedebate.wordpress.com/2013/03/31/global-warming-proof-expansion-of-antarctic-sea-ice/,https://anhonestclimatedebate.wordpress.com/2012/07/01/campaigns-rise-as-carbon-tax-comes-into-play/
https://climatenonconformist.wordpress.com/,https://climatenonconformist.wordpress.com/2013/03/08/a-way-to-end-the-global-warming-debate-forever/,https://climatenonconformist.wordpress.com/2013/02/27/carbon-tax-who-benefits/
http://www.paulmacrae.com/,http://www.paulmacrae.com/?p=308,http://www.paulmacrae.com/?p=269
http://www.kiwithinker.com/,http://www.kiwithinker.com/2017/08/cosmics-leaving-outdoor-droplets-cloud-2/,http://www.kiwithinker.com/2017/07/analysis-of-an-under-frequency-event/
https://diggingintheclay.wordpress.com/,https://diggingintheclay.wordpress.com/2017/06/03/the-climate-change-movement-is-like-ivy/,https://diggingintheclay.wordpress.com/2016/04/11/the-error-of-our-ways/
https://notalotofpeopleknowthat.wordpress.com/,https://notalotofpeopleknowthat.wordpress.com/2017/09/09/irma-update-11-00-et/,https://notalotofpeopleknowthat.wordpress.com/2017/09/09/hurricanes-harvey-and-irma-cant-be-blamed-on-global-warming/
https://thepointman.wordpress.com/,https://thepointman.wordpress.com/2017/09/09/the-great-purge-of-the-republican-party-begins/,https://thepointman.wordpress.com/2017/09/02/fighting-back-against-the-internet-giants-google/
https://nigguraths.wordpress.com/,https://nigguraths.wordpress.com/2017/07/23/pielke-jr-re-entry-into-the-climate-atmopshere/,https://nigguraths.wordpress.com/2017/06/02/paris-covfefe/
https://australianclimatemadness.com/,https://australianclimatemadness.com/2017/07/08/labors-climate-nonsense/,https://australianclimatemadness.com/2017/07/03/high-efficiency-coal-still-cheaper-than-renewables/
https://noconsensus.wordpress.com/,https://noconsensus.wordpress.com/2017/06/17/easy-call/,https://noconsensus.wordpress.com/2017/06/06/flameout/
https://autonomousmind.wordpress.com/,https://autonomousmind.wordpress.com/2014/06/21/thats-all-folks/,https://autonomousmind.wordpress.com/2014/06/17/ukip-where-is-that-surge/
https://bobtisdale.wordpress.com/,https://bobtisdale.wordpress.com/2017/02/15/sorry-about-the-lack-of-new-posts/,https://bobtisdale.wordpress.com/2017/01/23/december-2016-global-surface-landocean-and-lower-troposphere-temperature-anomaly-update-with-a-look-at-the-year-end-annual-results/
https://chiefio.wordpress.com/,https://chiefio.wordpress.com/2017/08/23/wood2/,https://chiefio.wordpress.com/2017/08/22/disappointing-odroid-c1/
https://rhinohide.wordpress.com/,https://rhinohide.wordpress.com/2013/09/08/ars-technica-why-trust-climate-models/,https://rhinohide.wordpress.com/2013/07/18/contemplating-cultural-boundaries/
https://hiizuru.wordpress.com/,https://hiizuru.wordpress.com/2014/11/26/tim-ball-is-hitler/,https://hiizuru.wordpress.com/2014/11/18/im-confused-about-coral-or-maybe-john-cook-is/
https://scienceofdoom.com/,https://scienceofdoom.com/2017/08/21/impacts-xiii-rainfall-3/,https://scienceofdoom.com/2017/08/01/the-debate-is-over-99-of-scientists-believe-gravity-and-the-heliocentric-solar-system-so-therefore/
https://pielkeclimatesci.wordpress.com/,https://pielkeclimatesci.wordpress.com/2013/07/13/roger-pielke-sr-is-now-on-twitter/,https://pielkeclimatesci.wordpress.com/2012/12/31/2012-climatesci-weblog-in-review-by-dallas-jean-staley-a-guest-post/
https://stevemosher.wordpress.com/,https://stevemosher.wordpress.com/2012/12/05/modis-qc-bits/,https://stevemosher.wordpress.com/2012/11/25/modis-r-package-tutorial/
https://statpad.wordpress.com,https://statpad.wordpress.com/2015/01/10/681/,https://statpad.wordpress.com/2013/01/28/594/
https://tallbloke.wordpress.com,https://tallbloke.wordpress.com/2017/09/08/cassini-captures-wave-structure-in-saturn-rings/,https://tallbloke.wordpress.com/2017/09/08/claim-ship-exhaust-makes-oceanic-thunderstorms-more-intense/
https://thelukewarmersway.wordpress.com/,https://thelukewarmersway.wordpress.com/2016/04/24/last-post-the-lukewarmers-way/,https://thelukewarmersway.wordpress.com/2016/04/22/a-winning-political-strategy-against-the-konsensus/
https://3000quads.com/,https://3000quads.com/2015/10/19/so-now-its-a-war-climate-change-perspectives-are-changing/,https://3000quads.com/2015/09/26/my-new-book-gets-its-own-website/
http://www.timworstall.com/,http://www.timworstall.com/2017/09/09/theres-something-that-puzzles-me-about-this-facebook-russia-and-the-election-advertising-thing/,http://www.timworstall.com/2017/09/09/ahahahahahahaha-4/
https://treesfortheforest.wordpress.com/,https://treesfortheforest.wordpress.com/2011/02/26/the-forest-has-burned-down/,https://treesfortheforest.wordpress.com/2010/09/14/almost-back/
http://www.theclimategatebook.com/,http://www.theclimategatebook.com/obama-and-the-paris-climate-accord/,http://www.theclimategatebook.com/earth-day-the-real-story/
https://skepticalswedishscientists.wordpress.com/,https://skepticalswedishscientists.wordpress.com/2016/10/08/australo-scando-sapien-ascending/,https://skepticalswedishscientists.wordpress.com/2016/09/30/pleasant-travelling/
https://hro001.wordpress.com/,https://hro001.wordpress.com/2015/12/20/un-and-syria-recipe-for-action-or-recycled-climate-change-inaction-disaster-distraction/,https://hro001.wordpress.com/2015/11/30/the-big-shoe-drop-in-paris/
https://thepompousgit.wordpress.com/,https://thepompousgit.wordpress.com/2015/04/15/australia-post-above-the-law/,https://thepompousgit.wordpress.com/2015/03/13/high-yields-high-hopes/
http://www.nocarbontax.com.au/,http://www.nocarbontax.com.au/2015/01/how-solar-power-can-reduce-your-environmental-impact/,http://www.nocarbontax.com.au/2014/07/the-carbon-tax-is-gone-for-now/
https://ubilibertas.wordpress.com/,https://ubilibertas.wordpress.com/2014/06/17/reducing-men-to-marionettes/,https://ubilibertas.wordpress.com/2014/06/14/i-am-going-to-kill-you-now/
https://deadmanturner.wordpress.com/,https://deadmanturner.wordpress.com/2011/06/16/who-is-harrison-j-bounel/,https://deadmanturner.wordpress.com/2011/06/13/heed-gaia/
http://climatechangedispatch.com/,http://climatechangedispatch.com/islamic-state-and-hillary-supporters-beg-hurricane-irma-destroy-trumps-america/,http://climatechangedispatch.com/wtf-american-prospect-mag-knows-why-events-like-harvey-are-disasters-just-guess/
https://climateofsophistry.com/,https://climateofsophistry.com/2017/08/25/the-problem-with-climate-alarm-skeptics/,https://climateofsophistry.com/2017/08/23/hate-speech-is-free-speech/
https://anhonestclimatedebate.wordpress.com/,https://anhonestclimatedebate.wordpress.com/2013/03/31/global-warming-proof-expansion-of-antarctic-sea-ice/,https://anhonestclimatedebate.wordpress.com/2012/07/01/campaigns-rise-as-carbon-tax-comes-into-play/
https://nextgrandminimum.wordpress.com/,https://nextgrandminimum.wordpress.com/2017/08/12/explosive-volcanism-triggered-the-little-ice-age/,https://nextgrandminimum.wordpress.com/2017/08/03/solar-minimums-may-be-final-piece-of-puzzle-in-fall-of-western-civilisation/
http://notrickszone.com/,http://notrickszone.com/2017/09/09/german-energy-expert-shreds-wind-power-everyones-loses-with-wind-energy/#sthash.gowqeXlG.dpbs,http://notrickszone.com/2017/09/08/bad-luck-monster-hurricane-irma-could-rack-up-1-trillion-in-damages/
https://stevengoddard.wordpress.com/,https://stevengoddard.wordpress.com/2016/05/03/toto-has-moved/,https://stevengoddard.wordpress.com/2016/05/02/cooling-nuuk/
https://realclimatescience.com/,https://realclimatescience.com/2017/08/new-video-getting-started-with-unhiding-the-decline/,//realclimatescience.com/2017/08/understanding-climate-correlation/
https://rclutz.wordpress.com/,https://rclutz.wordpress.com/2017/09/09/early-arctic-minimum/,https://rclutz.wordpress.com/2017/09/09/warming-from-co2-unlikely/
http://clivebest.com/,http://clivebest.com/blog/?p=8014,http://clivebest.com/?p=7999
https://sunshinehours.net/,https://sunshinehours.net/2017/09/09/diesel-lightning-ships-and-clouds/,https://sunshinehours.net/2017/09/08/texas-nuke-plant-stays-online-amid-harvey/
https://trustyetverify.wordpress.com,https://trustyetverify.wordpress.com/2017/09/03/the-fifty-times-more-deaths-by-weather-news-item-the-contribution-of-the-expert/,https://trustyetverify.wordpress.com/2017/08/20/the-one-and-only-solution/
http://ccgi.newbery1.plus.com/blog/,http://ccgi.newbery1.plus.com/blog/?p=742,http://ccgi.newbery1.plus.com/blog/?p=736
http://principia-scientific.org/,http://principia-scientific.org/hurricane-irma-eyes-florida/,http://principia-scientific.org/zika-virus-used-to-treat-aggressive-brain-cancer/
https://geoffchambers.wordpress.com/,https://geoffchambers.wordpress.com/2016/07/06/theconversation/,https://geoffchambers.wordpress.com/2015/10/19/new-blog-cliscep-com/
http://scottishsceptic.co.uk/,http://scottishsceptic.co.uk/2017/09/07/is-the-internet-killing-scottish-teaching/,http://scottishsceptic.co.uk/2017/09/07/the-future-of-marriage/
https://polarbearscience.com/,https://polarbearscience.com/2017/08/31/video-death-of-a-climate-icon-the-polar-bears-demise-as-a-useful-poster-child/,https://polarbearscience.com/2017/08/29/polar-bear-facts-myths-translations-in-french-and-german-coming-soon/
http://www.heliogenic.net/,http://www.heliogenic.net/2012/03/29/scandal-in-oz-alarmism-rejected/,http://www.heliogenic.net/2012/01/11/the-horror/
https://calderup.wordpress.com/,https://calderup.wordpress.com/2016/01/22/ive-sung-this-song-but-ill-sing-it-again/,https://calderup.wordpress.com/2014/11/04/memorial-meeting-further-details/
http://www.climate-resistance.org/,http://www.climate-resistance.org/2016/02/its-the-end-of-the-world-as-they-know-it.html,http://www.climate-resistance.org/2016/02/ask-a-stupid-question.html
https://greenhellblog.com/,https://greenhellblog.com/2011/06/12/anti-pesticide-cranks-responsible-for-elevated-childhood-asthma/,https://greenhellblog.com/2011/04/26/paul-driessen-on-oregon-dems-attack-on-skeptics-kids/
https://americanelephant.wordpress.com/,https://americanelephant.wordpress.com/2017/09/08/language-talking-points-and-the-vanishing-profession-of-journalism/,https://americanelephant.wordpress.com/2017/09/08/letting-go/
https://climatesanity.wordpress.com/,https://climatesanity.wordpress.com/2016/02/28/sea-level-projections-vs-tide-gauge-data/,https://climatesanity.wordpress.com/2015/12/09/comparison-of-arizona-nuclear-and-solar-energy/
https://enthusiasmscepticismscience.wordpress.com/,https://enthusiasmscepticismscience.wordpress.com/2015/11/21/remembering-madrid-95-a-meeting-that-changed-the-world-2/,https://enthusiasmscepticismscience.wordpress.com/2015/03/09/tom-wigley-the-skepticism-and-loyalty-of-crus-second-director/
https://talkingabouttheweather.wordpress.com/,https://talkingabouttheweather.wordpress.com/2017/01/02/pinball-blizzard/,https://talkingabouttheweather.wordpress.com/2015/02/26/additional-winter-storm-names-as-needed/
https://troyca.wordpress.com/,https://troyca.wordpress.com/2014/10/30/combining-recent-instrumental-sensitivity-estimates-with-paleo-sensitivity-estimates/,https://troyca.wordpress.com/2014/09/03/cmip5-processing-on-github-with-another-comparison-of-observed-temperatures-to-cmip5-model-runs/
http://www.hi-izuru.org/,http://www.hi-izuru.org/wp_blog/2017/09/devils-advocate/,http://www.hi-izuru.org/wp_blog/2017/08/sick-2/
http://blog.heartland.org/,http://blog.heartland.org/2017/09/institutional-theft-when-stolen-intellectual-property-is-your-business-model/,http://blog.heartland.org/2017/09/arizona-legislature-hosts-balanced-budget-amendment-convention-planning-meeting/
https://defyccc.com/,https://defyccc.com/intentional-google-search-bias-paper-published/,https://defyccc.com/first-amendment-violation-by-proxy/
http://www.carlineconomics.com/,http://www.carlineconomics.com/archives/3839,http://www.carlineconomics.com/archives/3825
