homepage,class
http://blog.heartland.org/,StandardWordpress
http://ccgi.newbery1.plus.com/blog/,StandardWordpress
http://climatechangepredictions.org/,StandardWordpress
http://clivebest.com/,StandardWordpress
http://co2coalition.org/,StandardWordpress
http://jennifermarohasy.com/,StandardWordpress
http://junkscience.com/,StandardWordpress
http://notrickszone.com/,StandardWordpress
http://omnologos.com/,StandardWordpress
http://scottishsceptic.co.uk/,StandardWordpress
http://wmbriggs.com/,StandardWordpress
http://www.carbonfolly.com/,StandardWordpress
http://www.cfact.org/,StandardWordpress
http://www.cgfi.org/,StandardWordpress
http://www.climate-skeptic.com/,StandardWordpress
http://www.globalclimatescam.com/,StandardWordpress
http://www.globalwarming.org/,StandardWordpress
http://www.heliogenic.net/,StandardWordpress
http://www.hi-izuru.org/,StandardWordpress
http://www.kiwithinker.com/,StandardWordpress
http://www.nocarbontax.com.au/,StandardWordpress
http://www.timworstall.com/,StandardWordpress
http://www.warwickhughes.com/blog/,StandardWordpress
https://3000quads.com/,StandardWordpress
https://australianclimatemadness.com/,StandardWordpress
https://autonomousmind.wordpress.com/,StandardWordpress
https://bobtisdale.wordpress.com/,StandardWordpress
https://chiefio.wordpress.com/,StandardWordpress
https://climateaudit.org,StandardWordpress
https://climatenonconformist.wordpress.com/,StandardWordpress
https://climateofsophistry.com/,StandardWordpress
https://co2insanity.com/,StandardWordpress
https://defyccc.com/,StandardWordpress
https://diggingintheclay.wordpress.com/,StandardWordpress
https://geoffchambers.wordpress.com/,StandardWordpress
https://hauntingthelibrary.wordpress.com/,StandardWordpress
https://hiizuru.wordpress.com/,StandardWordpress
https://hro001.wordpress.com/,StandardWordpress
https://judithcurry.com/,StandardWordpress
https://nextgrandminimum.wordpress.com/,StandardWordpress
https://pielkeclimatesci.wordpress.com/,StandardWordpress
https://polarbearscience.com/,StandardWordpress
https://rclutz.wordpress.com/,StandardWordpress
https://skepticalswedishscientists.wordpress.com/,StandardWordpress
https://statpad.wordpress.com,StandardWordpress
https://stevengoddard.wordpress.com/,StandardWordpress
https://sunshinehours.net/,StandardWordpress
https://talkingabouttheweather.wordpress.com/,StandardWordpress
https://thelukewarmersway.wordpress.com/,StandardWordpress
https://thepompousgit.wordpress.com/,StandardWordpress
https://treesfortheforest.wordpress.com/,StandardWordpress
https://trustyetverify.wordpress.com,StandardWordpress
https://unsettledclimate.org/,StandardWordpress
https://wattsupwiththat.com/,StandardWordpress
https://www.climateconversation.org.nz/,StandardWordpress
https://www.iceagenow.info/,StandardWordpress
http://adognamedkyoto.blogspot.com/,StandardBlogspot
http://agw-heretic.blogspot.com/,StandardBlogspot
http://allrightallright.blogspot.com/,StandardBlogspot
http://antigreen.blogspot.com/,StandardBlogspot
http://climateedinburgh.blogspot.com/,StandardBlogspot
http://climateguy.blogspot.com/,StandardBlogspot
http://climatelessons.blogspot.com/,StandardBlogspot
http://climatesense-norpag.blogspot.com/,StandardBlogspot
http://devconsultancygroup.blogspot.com/,StandardBlogspot
http://factsnotfantasy.blogspot.com/,StandardBlogspot
http://friendsofco2.blogspot.com/,StandardBlogspot
http://globalsham.blogspot.com/,StandardBlogspot
http://gustofhotair.blogspot.com/,StandardBlogspot
http://hallofrecord.blogspot.com/,StandardBlogspot
http://hockeyschtick.blogspot.com/,StandardBlogspot
http://impactofcc.blogspot.com/,StandardBlogspot
http://itsfaircomment-climategate.blogspot.com/,StandardBlogspot
http://jer-skepticscorner.blogspot.com/,StandardBlogspot
http://julesandjames.blogspot.com/,StandardBlogspot
http://klimazwiebel.blogspot.com/,StandardBlogspot
http://leastthing.blogspot.com/,StandardBlogspot
http://newnostradamusofthenorth.blogspot.com/,StandardBlogspot
http://petesplace-peter.blogspot.com/,StandardBlogspot
http://rogerpielkejr.blogspot.com/,StandardBlogspot
http://scientificqa.blogspot.co.uk/,StandardBlogspot
http://tomnelson.blogspot.com/,StandardBlogspot
http://www.climatecommonsense2.com/,StandardBlogspot
http://www.mikesmithenterprisesblog.com/,StandardBlogspot
http://www.populartechnology.net/,StandardBlogspot
https://motls.blogspot.com/,StandardBlogspot
https://moyhu.blogspot.com/,StandardBlogspot
http://climatecontrarian.blogspot.co.uk/,StandardBlogspot
